date,close
2015-08-07,3.00
2015-08-08,1.20
2015-08-09,1.20
2015-08-10,1.20
2015-08-11,0.99
2015-08-12,1.29
2015-08-13,1.88
2015-08-14,1.79
2015-08-15,1.79
2015-08-16,1.37
2015-08-17,1.30
2015-08-18,1.36
2015-08-19,1.24
2015-08-20,1.52
2015-08-21,1.44
2015-08-22,1.40
2015-08-23,1.35
2015-08-24,1.24
2015-08-25,1.27
2015-08-26,1.18
2015-08-27,1.14
2015-08-28,1.30
2015-08-29,1.18
2015-08-30,1.32
2015-08-31,1.31
2015-09-01,1.36
2015-09-02,1.14
2015-09-03,1.23
2015-09-04,1.35
2015-09-05,1.37
2015-09-06,1.34
2015-09-07,1.28
2015-09-08,1.26
2015-09-09,1.21
2015-09-10,1.19
2015-09-11,0.92
2015-09-12,1.15
2015-09-13,0.89
2015-09-14,0.95
2015-09-15,0.95
2015-09-16,0.94
2015-09-17,0.88
2015-09-18,0.85
2015-09-19,0.89
2015-09-20,0.89
2015-09-21,0.94
2015-09-22,0.81
2015-09-23,0.91
2015-09-24,0.80
2015-09-25,0.68
2015-09-26,0.77
2015-09-27,0.70
2015-09-28,0.60
2015-09-29,0.68
2015-09-30,0.71
2015-10-01,0.65
2015-10-02,0.66
2015-10-03,0.68
2015-10-04,0.61
2015-10-05,0.61
2015-10-06,0.65
2015-10-07,0.60
2015-10-08,0.62
2015-10-09,0.64
2015-10-10,0.64
2015-10-11,0.60
2015-10-12,0.63
2015-10-13,0.60
2015-10-14,0.50
2015-10-15,0.56
2015-10-16,0.53
2015-10-17,0.52
2015-10-18,0.51
2015-10-19,0.50
2015-10-20,0.44
2015-10-21,0.42
2015-10-22,0.61
2015-10-23,0.56
2015-10-24,0.56
2015-10-25,0.62
2015-10-26,0.71
2015-10-27,0.83
2015-10-28,0.99
2015-10-29,1.12
2015-10-30,1.14
2015-10-31,0.87
2015-11-01,0.99
2015-11-02,0.99
2015-11-03,1.06
2015-11-04,0.80
2015-11-05,0.88
2015-11-06,0.99
2015-11-07,0.93
2015-11-08,1.00
2015-11-09,1.00
2015-11-10,0.90
2015-11-11,0.75
2015-11-12,0.88
2015-11-13,0.90
2015-11-14,0.88
2015-11-15,0.92
2015-11-16,0.93
2015-11-17,1.00
2015-11-18,1.00
2015-11-19,0.94
2015-11-20,0.92
2015-11-21,0.96
2015-11-22,0.97
2015-11-23,0.92
2015-11-24,0.91
2015-11-25,0.87
2015-11-26,0.86
2015-11-27,0.88
2015-11-28,0.91
2015-11-29,0.87
2015-11-30,0.88
2015-12-01,0.87
2015-12-02,0.82
2015-12-03,0.83
2015-12-04,0.84
2015-12-05,0.87
2015-12-06,0.82
2015-12-07,0.79
2015-12-08,0.81
2015-12-09,0.81
2015-12-10,0.84
2015-12-11,0.90
2015-12-12,0.96
2015-12-13,0.92
2015-12-14,0.99
2015-12-15,1.00
2015-12-16,0.80
2015-12-17,0.94
2015-12-18,0.90
2015-12-19,0.89
2015-12-20,1.07
2015-12-21,0.91
2015-12-22,0.88
2015-12-23,0.87
2015-12-24,0.87
2015-12-25,0.88
2015-12-26,0.85
2015-12-27,0.92
2015-12-28,0.87
2015-12-29,0.86
2015-12-30,0.89
2015-12-31,0.95
2016-01-01,0.92
2016-01-02,0.95
2016-01-03,0.96
2016-01-04,0.95
2016-01-05,0.94
2016-01-06,0.95
2016-01-07,0.94
2016-01-08,0.98
2016-01-09,0.98
2016-01-10,1.00
2016-01-11,1.08
2016-01-12,1.22
2016-01-13,1.14
2016-01-14,1.16
2016-01-15,1.20
2016-01-16,1.22
2016-01-17,1.31
2016-01-18,1.47
2016-01-19,1.22
2016-01-20,1.54
2016-01-21,1.54
2016-01-22,1.52
2016-01-23,2.03
2016-01-24,2.10
2016-01-25,2.50
2016-01-26,2.30
2016-01-27,2.42
2016-01-28,2.55
2016-01-29,2.41
2016-01-30,2.44
2016-01-31,2.20
2016-02-01,2.17
2016-02-02,2.45
2016-02-03,2.53
2016-02-04,2.57
2016-02-05,2.56
2016-02-06,2.53
2016-02-07,3.00
2016-02-08,3.16
2016-02-09,3.76
2016-02-10,4.35
2016-02-11,6.38
2016-02-12,5.27
2016-02-13,5.22
2016-02-14,5.20
2016-02-15,5.22
2016-02-16,4.25
2016-02-17,3.86
2016-02-18,4.36
2016-02-19,4.45
2016-02-20,4.37
2016-02-21,4.63
2016-02-22,5.60
2016-02-23,5.70
2016-02-24,6.23
2016-02-25,5.93
2016-02-26,6.03
2016-02-27,6.31
2016-02-28,6.50
2016-02-29,6.35
2016-03-01,7.59
2016-03-02,8.70
2016-03-03,9.35
2016-03-04,9.96
2016-03-05,11.00
2016-03-06,10.98
2016-03-07,9.50
2016-03-08,9.88
2016-03-09,11.55
2016-03-10,11.11
2016-03-11,11.25
2016-03-12,13.25
2016-03-13,15.00
2016-03-14,12.50
2016-03-15,13.09
2016-03-16,12.92
2016-03-17,11.14
2016-03-18,10.75
2016-03-19,10.55
2016-03-20,10.06
2016-03-21,11.97
2016-03-22,10.96
2016-03-23,12.29
2016-03-24,11.13
2016-03-25,10.69
2016-03-26,11.00
2016-03-27,10.50
2016-03-28,11.58
2016-03-29,11.73
2016-03-30,11.88
2016-03-31,11.41
2016-04-01,11.63
2016-04-02,11.61
2016-04-03,11.58
2016-04-04,11.10
2016-04-05,10.39
2016-04-06,10.79
2016-04-07,10.08
2016-04-08,9.74
2016-04-09,9.16
2016-04-10,8.80
2016-04-11,8.72
2016-04-12,7.53
2016-04-13,8.02
2016-04-14,8.48
2016-04-15,8.22
2016-04-16,8.48
2016-04-17,9.45
2016-04-18,8.92
2016-04-19,8.77
2016-04-20,8.54
2016-04-21,8.15
2016-04-22,7.83
2016-04-23,8.31
2016-04-24,8.00
2016-04-25,7.43
2016-04-26,7.50
2016-04-27,7.77
2016-04-28,7.30
2016-04-29,7.51
2016-04-30,8.83
2016-05-01,8.76
2016-05-02,10.03
2016-05-03,9.37
2016-05-04,9.43
2016-05-05,9.79
2016-05-06,9.27
2016-05-07,9.30
2016-05-08,9.44
2016-05-09,9.32
2016-05-10,9.39
2016-05-11,9.97
2016-05-12,10.10
2016-05-13,10.48
2016-05-14,10.14
2016-05-15,9.94
2016-05-16,11.04
2016-05-17,12.26
2016-05-18,13.29
2016-05-19,14.49
2016-05-20,13.73
2016-05-21,13.95
2016-05-22,14.21
2016-05-23,13.45
2016-05-24,12.62
2016-05-25,12.53
2016-05-26,12.37
2016-05-27,11.11
2016-05-28,11.56
2016-05-29,12.28
2016-05-30,12.48
2016-05-31,13.85
2016-06-01,13.83
2016-06-02,13.78
2016-06-03,13.78
2016-06-04,13.66
2016-06-05,13.85
2016-06-06,13.96
2016-06-07,14.41
2016-06-08,14.44
2016-06-09,14.49
2016-06-10,13.97
2016-06-11,14.01
2016-06-12,15.57
2016-06-13,17.55
2016-06-14,18.70
2016-06-15,18.30
2016-06-16,20.61
2016-06-17,15.49
2016-06-18,11.36
2016-06-19,12.33
2016-06-20,11.70
2016-06-21,12.71
2016-06-22,13.21
2016-06-23,13.58
2016-06-24,14.25
2016-06-25,14.28
2016-06-26,13.82
2016-06-27,14.04
2016-06-28,12.15
2016-06-29,12.76
2016-06-30,12.40
2016-07-01,12.23
2016-07-02,12.04
2016-07-03,11.85
2016-07-04,11.34
2016-07-05,10.45
2016-07-06,10.51
2016-07-07,10.07
2016-07-08,11.30
2016-07-09,10.92
2016-07-10,10.97
2016-07-11,10.58
2016-07-12,10.54
2016-07-13,10.44
2016-07-14,11.55
2016-07-15,11.88
2016-07-16,11.59
2016-07-17,11.19
2016-07-18,11.03
2016-07-19,11.63
2016-07-20,12.54
2016-07-21,12.66
2016-07-22,14.82
2016-07-23,14.40
2016-07-24,12.63
2016-07-25,13.84
2016-07-26,12.08
2016-07-27,13.05
2016-07-28,12.87
2016-07-29,12.87
2016-07-30,12.57
2016-07-31,11.86
2016-08-01,11.04
2016-08-02,8.30
2016-08-03,10.42
2016-08-04,11.21
2016-08-05,11.05
2016-08-06,10.95
2016-08-07,10.98
2016-08-08,11.29
2016-08-09,12.22
2016-08-10,12.22
2016-08-11,11.68
2016-08-12,11.78
2016-08-13,11.56
2016-08-14,11.21
2016-08-15,11.21
2016-08-16,11.17
2016-08-17,10.77
2016-08-18,10.77
2016-08-19,10.71
2016-08-20,11.28
2016-08-21,11.14
2016-08-22,11.07
2016-08-23,11.01
2016-08-24,11.01
2016-08-25,11.35
2016-08-26,11.26
2016-08-27,11.19
2016-08-28,10.99
2016-08-29,10.95
2016-08-30,11.21
2016-08-31,11.55
2016-09-01,12.21
2016-09-02,12.08
2016-09-03,11.85
2016-09-04,11.71
2016-09-05,11.75
2016-09-06,11.70
2016-09-07,11.59
2016-09-08,11.39
2016-09-09,11.72
2016-09-10,12.05
2016-09-11,11.64
2016-09-12,11.89
2016-09-13,11.92
2016-09-14,11.97
2016-09-15,11.96
2016-09-16,12.61
2016-09-17,12.83
2016-09-18,12.39
2016-09-19,12.93
2016-09-20,14.72
2016-09-21,13.72
2016-09-22,13.11
2016-09-23,13.36
2016-09-24,12.91
2016-09-25,13.05
2016-09-26,12.89
2016-09-27,13.09
2016-09-28,13.30
2016-09-29,13.17
2016-09-30,13.24
2016-10-01,13.21
2016-10-02,13.23
2016-10-03,13.45
2016-10-04,13.32
2016-10-05,13.09
2016-10-06,12.87
2016-10-07,12.68
2016-10-08,12.24
2016-10-09,12.06
2016-10-10,11.74
2016-10-11,11.75
2016-10-12,11.77
2016-10-13,12.02
2016-10-14,11.90
2016-10-15,11.96
2016-10-16,11.93
2016-10-17,11.98
2016-10-18,12.50
2016-10-19,11.98
2016-10-20,12.05
2016-10-21,12.07
2016-10-22,12.06
2016-10-23,11.95
2016-10-24,11.93
2016-10-25,11.38
2016-10-26,11.50
2016-10-27,11.43
2016-10-28,11.08
2016-10-29,10.39
2016-10-30,11.22
2016-10-31,10.91
2016-11-01,10.75
2016-11-02,10.82
2016-11-03,10.86
2016-11-04,11.13
2016-11-05,11.11
2016-11-06,10.97
2016-11-07,10.90
2016-11-08,10.86
2016-11-09,10.64
2016-11-10,10.52
2016-11-11,10.29
2016-11-12,9.96
2016-11-13,10.13
2016-11-14,10.00
2016-11-15,10.22
2016-11-16,10.01
2016-11-17,9.95
2016-11-18,9.53
2016-11-19,9.70
2016-11-20,9.57
2016-11-21,9.56
2016-11-22,9.84
2016-11-23,9.78
2016-11-24,9.22
2016-11-25,9.39
2016-11-26,9.34
2016-11-27,8.91
2016-11-28,8.66
2016-11-29,8.18
2016-11-30,8.59
2016-12-01,8.44
2016-12-02,7.65
2016-12-03,7.90
2016-12-04,7.54
2016-12-05,6.69
2016-12-06,7.61
2016-12-07,8.35
2016-12-08,8.30
2016-12-09,8.52
2016-12-10,8.09
2016-12-11,8.20
2016-12-12,8.45
2016-12-13,8.40
2016-12-14,8.23
2016-12-15,7.76
2016-12-16,7.85
2016-12-17,7.66
2016-12-18,7.89
2016-12-19,7.61
2016-12-20,7.59
2016-12-21,7.87
2016-12-22,7.64
2016-12-23,7.16
2016-12-24,7.23
2016-12-25,7.19
2016-12-26,7.21
2016-12-27,7.15
2016-12-28,7.57
2016-12-29,8.21
2016-12-30,8.16
2016-12-31,8.05
2017-01-01,8.14
2017-01-02,8.33
2017-01-03,9.59
2017-01-04,10.88
2017-01-05,10.20
2017-01-06,10.07
2017-01-07,9.78
2017-01-08,10.27
2017-01-09,10.20
2017-01-10,10.55
2017-01-11,9.83
2017-01-12,9.81
2017-01-13,9.78
2017-01-14,9.78
2017-01-15,9.88
2017-01-16,9.59
2017-01-17,10.14
2017-01-18,10.19
2017-01-19,10.43
2017-01-20,10.60
2017-01-21,10.91
2017-01-22,10.71
2017-01-23,10.78
2017-01-24,10.51
2017-01-25,10.51
2017-01-26,10.65
2017-01-27,10.51
2017-01-28,10.54
2017-01-29,10.47
2017-01-30,10.62
2017-01-31,10.71
2017-02-01,10.71
2017-02-02,10.78
2017-02-03,10.95
2017-02-04,11.32
2017-02-05,11.22
2017-02-06,11.32
2017-02-07,11.45
2017-02-08,11.39
2017-02-09,10.94
2017-02-10,11.34
2017-02-11,11.43
2017-02-12,11.42
2017-02-13,11.39
2017-02-14,13.00
2017-02-15,12.97
2017-02-16,12.95
2017-02-17,12.72
2017-02-18,12.83
2017-02-19,12.82
2017-02-20,12.52
2017-02-21,12.77
2017-02-22,12.69
2017-02-23,13.13
2017-02-24,13.11
2017-02-25,13.57
2017-02-26,14.59
2017-02-27,15.55
2017-02-28,16.07
2017-03-01,17.55
2017-03-02,19.08
2017-03-03,19.48
2017-03-04,18.61
2017-03-05,19.22
2017-03-06,19.75
2017-03-07,18.91
2017-03-08,16.54
2017-03-09,17.71
2017-03-10,19.13
2017-03-11,21.45
2017-03-12,23.31
2017-03-13,28.45
2017-03-14,28.58
2017-03-15,35.18
2017-03-16,45.51
2017-03-17,44.48
2017-03-18,34.00
2017-03-19,43.12
2017-03-20,42.51
2017-03-21,42.67
2017-03-22,41.65
2017-03-23,43.20
2017-03-24,53.19
2017-03-25,50.62
2017-03-26,50.63
2017-03-27,49.06
2017-03-28,50.25
2017-03-29,53.07
2017-03-30,51.91
2017-03-31,49.91
2017-04-01,50.60
2017-04-02,48.55
2017-04-03,44.13
2017-04-04,44.43
2017-04-05,44.90
2017-04-06,43.23
2017-04-07,42.31
2017-04-08,44.37
2017-04-09,43.72
2017-04-10,43.74
2017-04-11,43.74
2017-04-12,46.38
2017-04-13,49.97
2017-04-14,47.32
2017-04-15,48.89
2017-04-16,48.22
2017-04-17,47.94
2017-04-18,49.88
2017-04-19,47.88
2017-04-20,49.36
2017-04-21,48.27
2017-04-22,48.41
2017-04-23,48.75
2017-04-24,49.94
2017-04-25,50.09
2017-04-26,53.28
2017-04-27,63.14
2017-04-28,72.42
2017-04-29,69.83
2017-04-30,79.83
2017-05-01,77.53
2017-05-02,77.25
2017-05-03,80.37
2017-05-04,94.55
2017-05-05,90.79
2017-05-06,94.82
2017-05-07,90.46
2017-05-08,88.39
2017-05-09,86.27
2017-05-10,87.83
2017-05-11,88.20
2017-05-12,85.15
2017-05-13,87.96
2017-05-14,88.72
2017-05-15,90.32
2017-05-16,87.80
2017-05-17,86.98
2017-05-18,95.88
2017-05-19,124.38
2017-05-20,123.06
2017-05-21,148.00
2017-05-22,160.39
2017-05-23,169.50
2017-05-24,193.03
2017-05-25,177.33
2017-05-26,162.83
2017-05-27,156.63
2017-05-28,172.86
2017-05-29,194.17
2017-05-30,228.58
2017-05-31,228.64
2017-06-01,220.70
2017-06-02,222.04
2017-06-03,224.30
2017-06-04,244.96
2017-06-05,247.75
2017-06-06,264.26
2017-06-07,255.77
2017-06-08,259.41
2017-06-09,279.11
2017-06-10,335.95
2017-06-11,339.68
2017-06-12,394.66
2017-06-13,388.09
2017-06-14,343.84
2017-06-15,344.68
2017-06-16,353.61
2017-06-17,368.10
2017-06-18,351.53
2017-06-19,358.20
2017-06-20,350.53
2017-06-21,325.30
2017-06-22,320.97
2017-06-23,326.85
2017-06-24,304.54
2017-06-25,279.36
2017-06-26,253.68
2017-06-27,286.14
2017-06-28,315.86
2017-06-29,292.90
2017-06-30,280.68
2017-07-01,261.00
2017-07-02,283.99
2017-07-03,276.41
2017-07-04,269.05
2017-07-05,266.00
2017-07-06,265.88
2017-07-07,240.94
2017-07-08,245.67
2017-07-09,237.72
2017-07-10,205.76
2017-07-11,190.55
2017-07-12,224.15
2017-07-13,205.41
2017-07-14,197.14
2017-07-15,169.10
2017-07-16,155.42
2017-07-17,189.97
2017-07-18,227.09
2017-07-19,194.41
2017-07-20,226.33
2017-07-21,216.33
2017-07-22,230.47
2017-07-23,228.32
2017-07-24,225.48
2017-07-25,203.59
2017-07-26,202.88
2017-07-27,202.93
2017-07-28,191.21
2017-07-29,206.14
2017-07-30,196.78
2017-07-31,201.33
2017-08-01,225.90
2017-08-02,218.12
2017-08-03,224.39
2017-08-04,220.60
2017-08-05,253.09
2017-08-06,264.56
2017-08-07,269.94
2017-08-08,296.51
2017-08-09,295.28
2017-08-10,298.28
2017-08-11,309.32
2017-08-12,308.02
2017-08-13,296.62
2017-08-14,299.16
2017-08-15,286.52
2017-08-16,301.38
2017-08-17,300.30
2017-08-18,292.62
2017-08-19,293.02
2017-08-20,298.20
2017-08-21,321.85
2017-08-22,313.37
2017-08-23,317.40
2017-08-24,325.28
2017-08-25,330.06
2017-08-26,332.86
2017-08-27,347.88
2017-08-28,347.66
2017-08-29,372.35
2017-08-30,383.86
2017-08-31,388.33
2017-09-01,391.42
2017-09-02,351.03
2017-09-03,352.45
2017-09-04,303.70
2017-09-05,317.94
2017-09-06,338.92
2017-09-07,335.37
2017-09-08,306.72
2017-09-09,303.79
2017-09-10,299.21
2017-09-11,297.95
2017-09-12,294.10
2017-09-13,275.84
2017-09-14,223.14
2017-09-15,259.57
2017-09-16,254.49
2017-09-17,258.40
2017-09-18,297.53
2017-09-19,283.00
2017-09-20,283.56
2017-09-21,257.77
2017-09-22,262.94
2017-09-23,286.14
2017-09-24,282.60
2017-09-25,294.89
2017-09-26,288.64
2017-09-27,309.97
2017-09-28,302.77
2017-09-29,292.58
2017-09-30,302.77
2017-10-01,303.95
2017-10-02,296.81
2017-10-03,291.81
2017-10-04,291.68
2017-10-05,294.99
2017-10-06,308.33
2017-10-07,311.26
2017-10-08,309.49
2017-10-09,296.95
2017-10-10,298.46
2017-10-11,302.86
2017-10-12,302.89
2017-10-13,336.83
2017-10-14,338.81
2017-10-15,336.58
2017-10-16,334.23
2017-10-17,316.14
2017-10-18,313.54
2017-10-19,307.41
2017-10-20,303.08
2017-10-21,299.55
2017-10-22,294.03
2017-10-23,285.27
2017-10-24,296.50
2017-10-25,296.35
2017-10-26,295.54
2017-10-27,296.36
2017-10-28,293.35
2017-10-29,304.04
2017-10-30,306.80
2017-10-31,303.64
2017-11-01,289.42
2017-11-02,284.92
2017-11-03,304.51
2017-11-04,300.04
2017-11-05,296.23
2017-11-06,296.82
2017-11-07,291.84
2017-11-08,307.35
2017-11-09,319.66
2017-11-10,296.86
2017-11-11,314.23
2017-11-12,306.02
2017-11-13,314.60
2017-11-14,334.72
2017-11-15,331.20
2017-11-16,330.32
2017-11-17,331.72
2017-11-18,346.65
2017-11-19,354.60
2017-11-20,367.71
2017-11-21,360.52
2017-11-22,380.84
2017-11-23,406.57
2017-11-24,470.43
2017-11-25,464.61
2017-11-26,470.54
2017-11-27,475.24
2017-11-28,466.27
2017-11-29,427.42
2017-11-30,434.85
2017-12-01,461.58
2017-12-02,457.96
2017-12-03,462.81
2017-12-04,466.93
2017-12-05,453.96
2017-12-06,422.48
2017-12-07,421.15
2017-12-08,451.74
2017-12-09,472.86
2017-12-10,436.49
2017-12-11,513.29
2017-12-12,656.52
2017-12-13,699.09
2017-12-14,693.58
2017-12-15,684.27
2017-12-16,692.83
2017-12-17,717.71
2017-12-18,785.99
2017-12-19,812.50
2017-12-20,799.17
2017-12-21,789.39
2017-12-22,657.83
2017-12-23,700.44
2017-12-24,675.91
2017-12-25,723.14
2017-12-26,753.40
2017-12-27,739.94
2017-12-28,716.69
2017-12-29,739.60
2017-12-30,692.99
2017-12-31,741.13
2018-01-01,756.20
2018-01-02,861.97
2018-01-03,941.10
2018-01-04,944.83
2018-01-05,967.13
2018-01-06,1006.41
2018-01-07,1117.75
2018-01-08,1136.11
2018-01-09,1289.24
2018-01-10,1248.99
2018-01-11,1139.32
2018-01-12,1261.03
2018-01-13,1385.02
2018-01-14,1359.48
2018-01-15,1278.69
2018-01-16,1050.26
2018-01-17,1024.69
2018-01-18,1012.97
2018-01-19,1037.36
2018-01-20,1150.50
2018-01-21,1049.09
2018-01-22,999.64
2018-01-23,984.47
2018-01-24,1061.78
2018-01-25,1057.15
2018-01-26,1028.92
2018-01-27,1116.45
2018-01-28,1231.86
2018-01-29,1154.15
2018-01-30,1082.71
2018-01-31,1100.96
2018-02-01,1006.19
2018-02-02,909.68
2018-02-03,960.19
2018-02-04,849.03
2018-02-05,688.34
2018-02-06,772.53
2018-02-07,792.31
2018-02-08,811.14
2018-02-09,863.68
2018-02-10,854.54
2018-02-11,832.47
2018-02-12,867.42
2018-02-13,839.47
2018-02-14,921.04
2018-02-15,930.25
2018-02-16,942.28
2018-02-17,971.90
2018-02-18,918.13
2018-02-19,935.79
2018-02-20,894.20
2018-02-21,841.01
2018-02-22,807.69
2018-02-23,853.89
2018-02-24,829.14
2018-02-25,847.18
2018-02-26,868.85
2018-02-27,877.72
2018-02-28,858.47
2018-03-01,871.33
2018-03-02,859.22
2018-03-03,856.77
2018-03-04,861.49
2018-03-05,854.35
2018-03-06,818.41
2018-03-07,754.94
2018-03-08,692.07
2018-03-09,711.50
2018-03-10,689.31
2018-03-11,721.30
2018-03-12,690.96
2018-03-13,689.32
2018-03-14,601.69
2018-03-15,613.39
2018-03-16,611.11
2018-03-17,562.96
2018-03-18,530.83
2018-03-19,539.95
2018-03-20,561.10
2018-03-21,556.26
2018-03-22,537.58
2018-03-23,531.23
2018-03-24,527.45
2018-03-25,532.11
2018-03-26,473.90
2018-03-27,460.28
2018-03-28,443.13
2018-03-29,386.56
2018-03-30,395.45
2018-03-31,393.95
2018-04-01,378.70
2018-04-02,382.18
2018-04-03,415.65
2018-04-04,378.73
2018-04-05,376.45
2018-04-06,370.53
2018-04-07,391.06
2018-04-08,398.23
2018-04-09,395.88
2018-04-10,413.62
2018-04-11,421.81
2018-04-12,485.88
2018-04-13,490.22
2018-04-14,506.64
2018-04-15,524.22
2018-04-16,505.83
2018-04-17,506.05
2018-04-18,524.92
2018-04-19,561.59
2018-04-20,598.45
2018-04-21,603.12
2018-04-22,637.30
2018-04-23,640.62
2018-04-24,704.01
2018-04-25,647.03
2018-04-26,647.46
2018-04-27,647.73
2018-04-28,677.98
2018-04-29,680.79
2018-04-30,670.02
2018-05-01,670.10
2018-05-02,684.89
2018-05-03,764.71
2018-05-04,788.51
2018-05-05,805.23
2018-05-06,783.56
2018-05-07,749.66
2018-05-08,746.82
2018-05-09,746.66
2018-05-10,736.41
2018-05-11,669.19
2018-05-12,674.37
2018-05-13,727.23
2018-05-14,728.90
2018-05-15,708.73
2018-05-16,694.24
2018-05-17,678.67
2018-05-18,688.13
2018-05-19,689.98
2018-05-20,718.93
2018-05-21,694.68
2018-05-22,648.76
2018-05-23,595.89
2018-05-24,588.39
2018-05-25,581.27
2018-05-26,596.11
2018-05-27,564.96
2018-05-28,516.06
2018-05-29,567.95
2018-05-30,548.32
2018-05-31,584.11
2018-06-01,569.90
2018-06-02,593.60
2018-06-03,618.99
2018-06-04,597.99
2018-06-05,603.50
2018-06-06,606.46
2018-06-07,601.65
2018-06-08,599.88
2018-06-09,598.78
2018-06-10,515.32
2018-06-11,518.87
2018-06-12,491.46
2018-06-13,469.18
2018-06-14,517.20
2018-06-15,494.32
2018-06-16,500.25
2018-06-17,499.07
2018-06-18,517.02
2018-06-19,534.63
2018-06-20,533.37
2018-06-21,524.92
2018-06-22,458.94
2018-06-23,479.36
2018-06-24,456.47
2018-06-25,463.34
2018-06-26,444.89
2018-06-27,435.63
2018-06-28,426.27
2018-06-29,415.37
2018-06-30,445.27
2018-07-01,451.66
2018-07-02,481.55
2018-07-03,468.92
2018-07-04,474.11
2018-07-05,463.49
2018-07-06,468.67
2018-07-07,464.36
2018-07-08,488.50
2018-07-09,476.81
2018-07-10,440.22
2018-07-11,439.45
2018-07-12,425.40
2018-07-13,432.04
2018-07-14,434.30
2018-07-15,452.61
2018-07-16,476.01
2018-07-17,503.01
2018-07-18,475.57
2018-07-19,467.53
2018-07-20,442.57
2018-07-21,465.13
2018-07-22,456.34
2018-07-23,451.09
2018-07-24,474.99
2018-07-25,475.68
2018-07-26,465.77
2018-07-27,472.94
2018-07-28,464.36
2018-07-29,464.92
2018-07-30,453.60
2018-07-31,431.86
2018-08-01,409.25
2018-08-02,410.24
2018-08-03,417.40
2018-08-04,405.46
2018-08-05,412.62
2018-08-06,401.43
2018-08-07,377.54
2018-08-08,358.65
2018-08-09,370.30
2018-08-10,326.73
2018-08-11,324.86
2018-08-12,320.85
2018-08-13,287.31
2018-08-14,263.00
2018-08-15,289.47
2018-08-16,284.55
2018-08-17,307.67
2018-08-18,295.22
2018-08-19,300.28
2018-08-20,282.65
2018-08-21,279.13
2018-08-22,266.83
2018-08-23,274.50
2018-08-24,282.36
2018-08-25,277.97
2018-08-26,272.36
2018-08-27,276.68
2018-08-28,294.00
2018-08-29,291.19
2018-08-30,283.55
2018-08-31,282.68
2018-09-01,297.29
2018-09-02,293.75
2018-09-03,290.99
2018-09-04,285.42
2018-09-05,243.72
2018-09-06,224.27
2018-09-07,217.47
2018-09-08,194.97
2018-09-09,199.16
2018-09-10,195.26
2018-09-11,186.34
2018-09-12,180.87
2018-09-13,205.04
2018-09-14,214.79
2018-09-15,220.77
2018-09-16,219.67
2018-09-17,196.56
2018-09-18,208.31
2018-09-19,209.48
2018-09-20,214.34
2018-09-21,244.28
2018-09-22,239.03
2018-09-23,241.48
2018-09-24,233.23
2018-09-25,217.47
2018-09-26,215.56
2018-09-27,231.65
2018-09-28,220.32
2018-09-29,231.28
2018-09-30,228.63
2018-10-01,230.61
2018-10-02,226.14
2018-10-03,217.35
2018-10-04,221.01
2018-10-05,223.94
2018-10-06,224.86
2018-10-07,223.93
2018-10-08,230.98
2018-10-09,227.46
2018-10-10,224.90
2018-10-11,198.18
2018-10-12,196.58
2018-10-13,198.98
2018-10-14,197.56
2018-10-15,206.78
2018-10-16,208.78
2018-10-17,207.42
2018-10-18,200.92
2018-10-19,202.80
2018-10-20,204.84
2018-10-21,205.38
2018-10-22,203.90
2018-10-23,204.09
2018-10-24,203.63
2018-10-25,201.67
2018-10-26,203.32
2018-10-27,202.70
2018-10-28,203.29
2018-10-29,195.98
2018-10-30,196.13
2018-10-31,198.02
2018-11-01,198.49
2018-11-02,201.20
2018-11-03,199.47
2018-11-04,210.17
2018-11-05,209.39
2018-11-06,218.42
2018-11-07,218.21
2018-11-08,212.35
2018-11-09,209.14
2018-11-10,212.87
2018-11-11,209.82
2018-11-12,210.30
2018-11-13,206.93
2018-11-14,179.71
2018-11-15,178.15
2018-11-16,172.74
2018-11-17,174.00
2018-11-18,175.87
2018-11-19,149.32
2018-11-20,128.67
2018-11-21,135.24
2018-11-22,129.90
2018-11-23,124.18
2018-11-24,111.61
2018-11-25,115.96
2018-11-26,105.94
2018-11-27,112.05
2018-11-28,121.31
2018-11-29,116.95
2018-11-30,112.00
2018-12-01,119.21
2018-12-02,116.48
2018-12-03,108.29
2018-12-04,109.74
2018-12-05,102.80
2018-12-06,93.72
2018-12-07,94.22
2018-12-08,93.78
2018-12-09,93.81
2018-12-10,91.01
2018-12-11,88.54
2018-12-12,89.94
2018-12-13,85.65
2018-12-14,84.30
2018-12-15,84.28
2018-12-16,85.69
2018-12-17,94.85
2018-12-18,96.71
2018-12-19,101.63
2018-12-20,115.13
2018-12-21,109.35
2018-12-22,114.91
2018-12-23,132.22
2018-12-24,143.03
2018-12-25,130.83
2018-12-26,132.91
2018-12-27,116.66
2018-12-28,136.25
2018-12-29,146.45
2018-12-30,140.34
2018-12-31,133.50
2019-01-01,141.18
2019-01-02,158.10
2019-01-03,151.01
2019-01-04,156.16
2019-01-05,157.23
2019-01-06,157.59
2019-01-07,151.48
2019-01-08,151.68
2019-01-09,151.60
2019-01-10,128.60
2019-01-11,125.01
2019-01-12,125.30
2019-01-13,116.49
2019-01-14,129.60
2019-01-15,119.79
2019-01-16,123.12
2019-01-17,123.19
2019-01-18,120.36
2019-01-19,125.39
2019-01-20,118.47
2019-01-21,116.56
2019-01-22,119.18
2019-01-23,117.46
2019-01-24,117.44
2019-01-25,116.07
2019-01-26,116.71
2019-01-27,113.64
2019-01-28,105.89
2019-01-29,104.97
2019-01-30,109.01
2019-01-31,107.31
2019-02-01,107.68
2019-02-02,108.02
2019-02-03,107.27
2019-02-04,106.98
2019-02-05,106.95
2019-02-06,105.00
2019-02-07,104.50
2019-02-08,118.05
2019-02-09,119.52
2019-02-10,122.28
2019-02-11,121.12
2019-02-12,121.95
2019-02-13,122.03
2019-02-14,121.58
2019-02-15,121.97
2019-02-16,124.20
2019-02-17,134.02
2019-02-18,144.70
2019-02-19,145.78
2019-02-20,147.54
2019-02-21,145.04
2019-02-22,149.51
2019-02-23,159.71
2019-02-24,139.37
2019-02-25,139.66
2019-02-26,137.10
2019-02-27,133.20
2019-02-28,136.30
2019-03-01,136.69
2019-03-02,133.36
2019-03-03,131.82
2019-03-04,126.09
2019-03-05,136.63
2019-03-06,138.75
2019-03-07,138.29
2019-03-08,133.81
2019-03-09,137.78
2019-03-10,137.26
2019-03-11,134.13
2019-03-12,134.36
2019-03-13,132.83
2019-03-14,132.91
2019-03-15,136.97
2019-03-16,141.93
2019-03-17,140.03
2019-03-18,138.90
2019-03-19,139.05
2019-03-20,140.41
2019-03-21,135.92
2019-03-22,136.91
2019-03-23,137.38
2019-03-24,136.30
2019-03-25,133.87
2019-03-26,134.28
2019-03-27,139.30
2019-03-28,138.16
2019-03-29,142.44
2019-03-30,143.16
2019-03-31,141.84
2019-04-01,141.98
2019-04-02,160.93
2019-04-03,173.33
2019-04-04,159.37
2019-04-05,164.64
2019-04-06,165.70
2019-04-07,174.28
2019-04-08,182.94
2019-04-09,177.57
2019-04-10,176.10
2019-04-11,164.01
2019-04-12,164.91
2019-04-13,164.37
2019-04-14,165.97
2019-04-15,160.06
2019-04-16,166.36
2019-04-17,167.77
2019-04-18,175.50
2019-04-19,172.78
2019-04-20,171.81
2019-04-21,167.59
2019-04-22,172.55
2019-04-23,173.24
2019-04-24,164.20
2019-04-25,161.06
2019-04-26,155.74
2019-04-27,160.04
2019-04-28,158.09
2019-04-29,156.10
2019-04-30,161.47
2019-05-01,160.76
2019-05-02,161.51
2019-05-03,169.46
2019-05-04,165.20
2019-05-05,163.87
2019-05-06,176.11
2019-05-07,174.31
2019-05-08,170.61
2019-05-09,169.15
2019-05-10,172.71
2019-05-11,198.57
2019-05-12,190.74
2019-05-13,203.88
2019-05-14,208.31
2019-05-15,241.20
2019-05-16,267.21
2019-05-17,239.63
2019-05-18,238.94
2019-05-19,260.09
2019-05-20,253.50
2019-05-21,258.78
2019-05-22,242.98
2019-05-23,245.92
2019-05-24,251.08
2019-05-25,251.49
2019-05-26,269.39
2019-05-27,269.34
2019-05-28,273.40
2019-05-29,270.25
2019-05-30,248.77
2019-05-31,263.01
2019-06-01,268.22
2019-06-02,267.80
2019-06-03,258.66
2019-06-04,235.46
2019-06-05,245.18
2019-06-06,243.11
2019-06-07,248.97
2019-06-08,243.65
2019-06-09,230.87
2019-06-10,244.35
2019-06-11,246.47
2019-06-12,257.72
2019-06-13,261.57
2019-06-14,262.58
2019-06-15,270.19
2019-06-16,269.06
2019-06-17,272.86
2019-06-18,261.77
2019-06-19,268.76
2019-06-20,272.53
2019-06-21,293.07
2019-06-22,304.57
2019-06-23,310.02
2019-06-24,309.33
2019-06-25,312.73
2019-06-26,325.75
2019-06-27,292.75
2019-06-28,307.47
2019-06-29,310.23
2019-06-30,299.94
2019-07-01,292.26
2019-07-02,288.41
2019-07-03,294.77
2019-07-04,292.22
2019-07-05,288.72
2019-07-06,288.18
2019-07-07,308.11
2019-07-08,312.14
2019-07-09,307.20
2019-07-10,288.33
2019-07-11,269.41
2019-07-12,275.66
2019-07-13,263.36
2019-07-14,239.74
2019-07-15,227.70
2019-07-16,203.96
2019-07-17,214.76
2019-07-18,224.62
2019-07-19,221.33
2019-07-20,233.47
2019-07-21,224.82
2019-07-22,216.54
2019-07-23,216.94
2019-07-24,216.48
2019-07-25,219.27
2019-07-26,218.30
2019-07-27,208.61
2019-07-28,206.31
2019-07-29,210.80
2019-07-30,210.03
2019-07-31,216.07
2019-08-01,217.22
2019-08-02,216.29
2019-08-03,221.65
2019-08-04,221.60
2019-08-05,232.53
2019-08-06,223.96
2019-08-07,224.99
2019-08-08,218.12
2019-08-09,210.32
2019-08-10,206.08
2019-08-11,214.51
2019-08-12,211.65
2019-08-13,206.91
2019-08-14,188.85
2019-08-15,187.52
2019-08-16,186.19
2019-08-17,183.73
2019-08-18,196.21
2019-08-19,199.95
2019-08-20,197.44
2019-08-21,184.25
2019-08-22,192.15
2019-08-23,193.91
2019-08-24,188.90
2019-08-25,184.55
2019-08-26,186.53
2019-08-27,185.88
2019-08-28,173.06
2019-08-29,169.43
2019-08-30,168.71
2019-08-31,173.42
2019-09-01,171.45
2019-09-02,179.14
2019-09-03,180.75
2019-09-04,176.92
2019-09-05,172.96
2019-09-06,170.03
2019-09-07,179.92
2019-09-08,181.60
2019-09-09,180.38
2019-09-10,179.82
2019-09-11,178.30
2019-09-12,181.80
2019-09-13,181.60
2019-09-14,188.82
2019-09-15,189.66
2019-09-16,198.14
2019-09-17,212.21
2019-09-18,212.10
2019-09-19,220.59
2019-09-20,216.05
2019-09-21,215.42
2019-09-22,210.45
2019-09-23,202.62
2019-09-24,168.12
2019-09-25,171.16
2019-09-26,165.96
2019-09-27,175.68
2019-09-28,173.69
2019-09-29,169.85
2019-09-30,177.84
2019-10-01,176.65
2019-10-02,178.52
2019-10-03,174.56
2019-10-04,177.21
2019-10-05,176.71
2019-10-06,171.67
2019-10-07,179.59
2019-10-08,179.19
2019-10-09,191.27
2019-10-10,192.37
2019-10-11,180.91
2019-10-12,180.73
2019-10-13,184.68
2019-10-14,186.41
2019-10-15,178.93
2019-10-16,174.31
2019-10-17,176.48
2019-10-18,173.61
2019-10-19,172.39
2019-10-20,175.37
2019-10-21,174.76
2019-10-22,172.94
2019-10-23,160.00
2019-10-24,160.35
2019-10-25,180.64
2019-10-26,178.23
2019-10-27,184.95
2019-10-28,184.10
2019-10-29,192.65
2019-10-30,183.56
2019-10-31,181.63
2019-11-01,183.36
2019-11-02,183.26
2019-11-03,182.48
2019-11-04,185.80
2019-11-05,189.08
2019-11-06,191.27
2019-11-07,187.35
2019-11-08,184.72
2019-11-09,185.20
2019-11-10,190.11
2019-11-11,185.67
2019-11-12,186.67
2019-11-13,187.49
2019-11-14,184.76
2019-11-15,180.80
2019-11-16,182.45
2019-11-17,184.66
2019-11-18,178.75
2019-11-19,175.96
2019-11-20,175.14
2019-11-21,160.96
2019-11-22,149.92
2019-11-23,152.57
2019-11-24,144.61
2019-11-25,147.35
2019-11-26,148.40
2019-11-27,153.43
2019-11-28,150.64
2019-11-29,153.94
2019-11-30,152.04
2019-12-01,151.91
2019-12-02,149.79
2019-12-03,148.06
2019-12-04,145.77
2019-12-05,148.12
2019-12-06,149.03
2019-12-07,148.23
2019-12-08,151.79
2019-12-09,147.57
2019-12-10,146.18
2019-12-11,143.20
2019-12-12,144.88
2019-12-13,144.81
2019-12-14,142.52
2019-12-15,142.95
2019-12-16,132.52
2019-12-17,121.01
2019-12-18,133.65
2019-12-19,127.47
2019-12-20,128.50
2019-12-21,127.76
2019-12-22,132.15
2019-12-23,127.48
2019-12-24,128.12
2019-12-25,125.52
2019-12-26,125.50
2019-12-27,126.66
2019-12-28,128.37
2019-12-29,135.12
2019-12-30,132.29
2019-12-31,128.88
2020-01-01,130.35
2020-01-02,127.53
2020-01-03,133.19
2020-01-04,134.27
2020-01-05,135.01
2020-01-06,143.19
2020-01-07,142.21
2020-01-08,140.40
2020-01-09,137.67
2020-01-10,142.86
2020-01-11,143.16
2020-01-12,145.49
2020-01-13,144.11
2020-01-14,164.47
2020-01-15,166.64
2020-01-16,164.02
2020-01-17,171.63
2020-01-18,176.81
2020-01-19,165.84
2020-01-20,167.80
2020-01-21,169.14
2020-01-22,167.30
2020-01-23,162.90
2020-01-24,162.80
2020-01-25,161.15
2020-01-26,166.97
2020-01-27,170.33
2020-01-28,173.99
2020-01-29,175.56
2020-01-30,186.39
2020-01-31,181.81
2020-02-01,183.12
2020-02-02,189.40
2020-02-03,189.29
2020-02-04,188.69
2020-02-05,204.59
2020-02-06,211.25
2020-02-07,221.89
2020-02-08,224.14
2020-02-09,227.80
2020-02-10,223.32
2020-02-11,237.83
2020-02-12,268.44
2020-02-13,266.20
2020-02-14,283.78
2020-02-15,267.45
2020-02-16,254.99
2020-02-17,261.36
2020-02-18,281.10
2020-02-19,264.77
2020-02-20,259.62
2020-02-21,264.06
2020-02-22,262.42
2020-02-23,273.52
2020-02-24,263.94
2020-02-25,251.94
2020-02-26,225.82
2020-02-27,228.75
2020-02-28,229.59
2020-02-29,223.45
2020-03-01,218.95
2020-03-02,231.15
2020-03-03,224.39
2020-03-04,223.59
2020-03-05,229.12
2020-03-06,240.54
2020-03-07,240.58
2020-03-08,204.61
2020-03-09,199.37
2020-03-10,203.28
2020-03-11,195.04
2020-03-12,127.06
2020-03-13,134.29
2020-03-14,124.97
2020-03-15,123.72
2020-03-16,107.89
2020-03-17,118.36
2020-03-18,116.58
2020-03-19,140.53
2020-03-20,132.27
2020-03-21,132.83
2020-03-22,123.40
2020-03-23,133.56
2020-03-24,140.16
2020-03-25,136.22
2020-03-26,136.52
2020-03-27,137.23
2020-03-28,131.10
2020-03-29,125.30
2020-03-30,134.30
2020-03-31,134.43
2020-04-01,132.11
2020-04-02,142.76
2020-04-03,141.27
2020-04-04,144.50
2020-04-05,142.81
2020-04-06,166.18
2020-04-07,167.38
2020-04-08,172.04
2020-04-09,170.77
2020-04-10,158.82
2020-04-11,157.32
2020-04-12,164.13
2020-04-13,156.85
2020-04-14,159.03
2020-04-15,157.20
2020-04-16,173.06
2020-04-17,169.98
2020-04-18,184.38
2020-04-19,183.65
2020-04-20,170.60
2020-04-21,172.83
2020-04-22,181.39
2020-04-23,190.72
2020-04-24,187.60
2020-04-25,192.97
2020-04-26,196.35
2020-04-27,195.11
2020-04-28,196.48
2020-04-29,215.50
2020-04-30,209.18
2020-05-01,212.43
2020-05-02,213.96
2020-05-03,209.50
2020-05-04,208.95
2020-05-05,204.96
2020-05-06,206.36
2020-05-07,212.59
2020-05-08,214.97
2020-05-09,210.94
2020-05-10,189.25
2020-05-11,185.48
2020-05-12,187.15
2020-05-13,200.72
2020-05-14,203.14
2020-05-15,196.12
2020-05-16,201.54
2020-05-17,208.81
2020-05-18,213.25
2020-05-19,212.32
2020-05-20,210.23
2020-05-21,198.71
2020-05-22,208.35
2020-05-23,208.14
2020-05-24,207.06
2020-05-25,204.24
2020-05-26,201.22
2020-05-27,205.43
2020-05-28,213.93
2020-05-29,218.78
2020-05-30,239.32
2020-05-31,234.56
2020-06-01,241.29
2020-06-02,237.82
2020-06-03,241.23
2020-06-04,241.93
2020-06-05,240.36
2020-06-06,242.59
2020-06-07,242.06
2020-06-08,242.94
2020-06-09,244.80
2020-06-10,246.84
2020-06-11,233.19
2020-06-12,237.13
2020-06-13,237.34
2020-06-14,232.80
2020-06-15,231.84
2020-06-16,234.67
2020-06-17,232.19
2020-06-18,229.87
2020-06-19,229.56
2020-06-20,228.04
2020-06-21,229.42
2020-06-22,243.12
2020-06-23,244.16
2020-06-24,234.60
2020-06-25,234.09
2020-06-26,230.30
2020-06-27,221.92
2020-06-28,225.14
2020-06-29,228.39
2020-06-30,226.31
2020-07-01,231.25
2020-07-02,228.17
2020-07-03,226.90
2020-07-04,228.82
2020-07-05,226.37
2020-07-06,239.04
2020-07-07,238.21
2020-07-08,247.60
2020-07-09,241.83
2020-07-10,239.08
2020-07-11,238.99
2020-07-12,239.01
2020-07-13,239.95
2020-07-14,240.26
2020-07-15,238.69
2020-07-16,232.82
2020-07-17,232.65
2020-07-18,236.24
2020-07-19,235.72
2020-07-20,236.11
2020-07-21,244.90
2020-07-22,247.41
2020-07-23,275.03
2020-07-24,285.57
2020-07-25,303.70
2020-07-26,310.89
2020-07-27,322.65
2020-07-28,318.59
2020-07-29,323.70
2020-07-30,335.91
2020-07-31,347.73
2020-08-01,384.94
2020-08-02,377.63
2020-08-03,384.09
2020-08-04,391.99
2020-08-05,405.66
2020-08-06,395.58
2020-08-07,379.46
2020-08-08,391.17
2020-08-09,389.39
2020-08-10,393.93
2020-08-11,373.78
2020-08-12,382.70
2020-08-13,418.93
2020-08-14,438.04
2020-08-15,433.05
2020-08-16,431.40
2020-08-17,439.06
2020-08-18,427.51
2020-08-19,405.60
2020-08-20,416.27
2020-08-21,388.42
2020-08-22,393.58
2020-08-23,393.38
2020-08-24,406.54
2020-08-25,379.17
2020-08-26,388.25
2020-08-27,382.09
2020-08-28,394.58
2020-08-29,404.86
2020-08-30,421.98
2020-08-31,431.05
2020-09-01,483.66
2020-09-02,438.20
2020-09-03,401.76
2020-09-04,389.03
2020-09-05,331.24
2020-09-06,357.63
2020-09-07,345.12
2020-09-08,338.34
2020-09-09,353.96
2020-09-10,367.23
2020-09-11,369.90
2020-09-12,383.97
2020-09-13,363.46
2020-09-14,378.50
2020-09-15,367.92
2020-09-16,366.96
2020-09-17,392.68
2020-09-18,382.16
2020-09-19,385.38
2020-09-20,369.99
2020-09-21,348.39
2020-09-22,346.52
2020-09-23,322.90
2020-09-24,346.05
2020-09-25,357.35
2020-09-26,353.19
2020-09-27,353.29
2020-09-28,363.63
2020-09-29,357.67
2020-09-30,357.22
2020-10-01,351.32
2020-10-02,342.13
2020-10-03,349.21
2020-10-04,351.86
2020-10-05,352.62
2020-10-06,339.19
2020-10-07,340.01
2020-10-08,350.21
2020-10-09,364.37
2020-10-10,375.37
2020-10-11,373.01
2020-10-12,392.71
2020-10-13,382.87
2020-10-14,375.81
2020-10-15,378.54
2020-10-16,366.54
2020-10-17,367.62
2020-10-18,376.18
2020-10-19,379.55
2020-10-20,370.14
2020-10-21,396.21
2020-10-22,419.13
2020-10-23,408.75
2020-10-24,410.35
2020-10-25,406.32
2020-10-26,392.20
2020-10-27,405.11
2020-10-28,387.95
2020-10-29,383.76
2020-10-30,383.50
2020-10-31,388.64
2020-11-01,395.47
2020-11-02,383.12
2020-11-03,388.09
2020-11-04,401.74
2020-11-05,418.26
2020-11-06,456.11
2020-11-07,437.39
2020-11-08,455.05
2020-11-09,442.93
2020-11-10,454.08
2020-11-11,466.58
2020-11-12,462.43
2020-11-13,476.59
2020-11-14,462.12
2020-11-15,446.60
2020-11-16,461.50
2020-11-17,480.72
2020-11-18,480.23
2020-11-19,472.50
2020-11-20,508.35
2020-11-21,542.24
2020-11-22,573.53
2020-11-23,609.29
2020-11-24,603.03
2020-11-25,569.49
2020-11-26,521.40
2020-11-27,514.53
2020-11-28,542.82
2020-11-29,570.73
2020-11-30,609.80
2020-12-01,591.03
2020-12-02,597.59
2020-12-03,616.67
2020-12-04,568.96
2020-12-05,591.23
2020-12-06,593.55
2020-12-07,591.00
2020-12-08,555.78
2020-12-09,577.01
2020-12-10,563.25
2020-12-11,550.67
2020-12-12,571.60
2020-12-13,588.62
2020-12-14,588.21
2020-12-15,588.63
2020-12-16,634.98
2020-12-17,645.57
2020-12-18,651.79
2020-12-19,663.87
2020-12-20,635.82
2020-12-21,617.46
2020-12-22,629.65
2020-12-23,583.82
2020-12-24,612.44
2020-12-25,621.86
2020-12-26,633.46
2020-12-27,686.38
2020-12-28,725.51
2020-12-29,728.62
2020-12-30,745.76
2020-12-31,740.92
2021-01-01,730.81
2021-01-02,772.68
2021-01-03,993.13
2021-01-04,1014.43
2021-01-05,1112.74
2021-01-06,1179.78
2021-01-07,1244.42
2021-01-08,1217.07
2021-01-09,1291.12
2021-01-10,1272.87
2021-01-11,1059.98
2021-01-12,1049.95
2021-01-13,1116.87
2021-01-14,1197.78
2021-01-15,1165.48
2021-01-16,1232.47
2021-01-17,1246.39
2021-01-18,1240.82
2021-01-19,1411.21
2021-01-20,1335.87
2021-01-21,1134.76
2021-01-22,1225.99
2021-01-23,1237.08
2021-01-24,1369.55
2021-01-25,1328.37
2021-01-26,1361.49
2021-01-27,1254.36
2021-01-28,1350.21
2021-01-29,1395.54
2021-01-30,1388.99
2021-01-31,1312.07
2021-02-01,1359.95
2021-02-02,1535.64
2021-02-03,1638.34
2021-02-04,1627.67
2021-02-05,1704.20
2021-02-06,1704.24
2021-02-07,1599.61
2021-02-08,1716.53
2021-02-09,1766.48
2021-02-10,1748.84
2021-02-11,1782.95
2021-02-12,1852.62
2021-02-13,1816.38
2021-02-14,1826.79
2021-02-15,1795.07
2021-02-16,1768.91
2021-02-17,1839.88
2021-02-18,1938.66
2021-02-19,1953.05
2021-02-20,1898.86
2021-02-21,1927.61
2021-02-22,1777.80
2021-02-23,1571.38
2021-02-24,1591.39
2021-02-25,1515.44
2021-02-26,1425.46
2021-02-27,1465.61
2021-02-28,1423.46
2021-03-01,1550.02
2021-03-02,1482.14
2021-03-03,1583.07
2021-03-04,1528.99
2021-03-05,1538.87
2021-03-06,1666.17
2021-03-07,1679.45
2021-03-08,1788.68
2021-03-09,1846.24
2021-03-10,1831.86
2021-03-11,1828.51
2021-03-12,1761.98
2021-03-13,1919.12
2021-03-14,1882.17
2021-03-15,1788.70
2021-03-16,1788.62
2021-03-17,1813.99
2021-03-18,1781.21
2021-03-19,1820.59
2021-03-20,1829.58
2021-03-21,1787.01
2021-03-22,1692.90
2021-03-23,1665.17
2021-03-24,1589.23
2021-03-25,1583.98
2021-03-26,1683.80
2021-03-27,1724.43
2021-03-28,1674.16
2021-03-29,1808.21
2021-03-30,1844.98
2021-03-31,1930.98
2021-04-01,1963.48
2021-04-02,2091.80
2021-04-03,2034.22
2021-04-04,2077.00
2021-04-05,2106.83
2021-04-06,2114.64
2021-04-07,1996.36
2021-04-08,2049.58
2021-04-09,2074.63
2021-04-10,2114.90
2021-04-11,2133.57
2021-04-12,2146.95
2021-04-13,2281.35
2021-04-14,2425.62
2021-04-15,2502.52
2021-04-16,2454.19
2021-04-17,2391.32
2021-04-18,2221.21
2021-04-19,2205.08
2021-04-20,2341.33
2021-04-21,2376.12
2021-04-22,2416.81
2021-04-23,2314.25
2021-04-24,2284.78
2021-04-25,2219.61
2021-04-26,2494.53
2021-04-27,2646.38
2021-04-28,2758.55
2021-04-29,2740.39
2021-04-30,2758.50
2021-05-01,2921.26
2021-05-02,2975.27
2021-05-03,3330.91
2021-05-04,3338.92
2021-05-05,3430.50
2021-05-06,3519.15
2021-05-07,3479.80
2021-05-08,3903.49
2021-05-09,3907.37
2021-05-10,4023.18
2021-05-11,4127.99
2021-05-12,4126.77
2021-05-13,3757.06
2021-05-14,4055.24
2021-05-15,3811.03
2021-05-16,3478.87
2021-05-17,3266.54
2021-05-18,3402.13
2021-05-19,2597.20
2021-05-20,2836.19
2021-05-21,2390.66
2021-05-22,2368.15
2021-05-23,2096.89
2021-05-24,2603.85
2021-05-25,2615.92
2021-05-26,2817.42
2021-05-27,2784.08
2021-05-28,2371.64
2021-05-29,2278.33
2021-05-30,2423.62
2021-05-31,2630.43
2021-06-01,2594.63
2021-06-02,2721.36
2021-06-03,2819.25
2021-06-04,2732.50
2021-06-05,2565.01
2021-06-06,2715.77
2021-06-07,2613.25
2021-06-08,2522.05
2021-06-09,2582.90
2021-06-10,2480.42
2021-06-11,2344.01
2021-06-12,2406.36
2021-06-13,2522.84
2021-06-14,2572.97
2021-06-15,2531.62
2021-06-16,2412.04
2021-06-17,2347.58
2021-06-18,2220.59
2021-06-19,2208.13
2021-06-20,2255.14
2021-06-21,1877.60
2021-06-22,1876.37
2021-06-23,1945.45
2021-06-24,2000.01
2021-06-25,1847.35
2021-06-26,1773.96
2021-06-27,1834.75
2021-06-28,2126.94
2021-06-29,2214.91
2021-06-30,2264.76
2021-07-01,2128.83
2021-07-02,2108.47
2021-07-03,2196.29
2021-07-04,2381.21
2021-07-05,2244.24
2021-07-06,2288.01
2021-07-07,2345.98
2021-07-08,2102.56
2021-07-09,2146.33
2021-07-10,2104.94
2021-07-11,2165.00
2021-07-12,2029.92
2021-07-13,1944.77
2021-07-14,1995.23
2021-07-15,1921.83
2021-07-16,1895.88
2021-07-17,1908.35
2021-07-18,1913.77
2021-07-19,1813.01
2021-07-20,1786.20
2021-07-21,1951.36
2021-07-22,2008.64
2021-07-23,2056.32
2021-07-24,2169.81
2021-07-25,2162.05
2021-07-26,2233.91
2021-07-27,2262.49
2021-07-28,2304.40
2021-07-29,2311.67
2021-07-30,2441.60
2021-07-31,2538.03
2021-08-01,2655.37
2021-08-02,2613.44
2021-08-03,2491.10
2021-08-04,2720.67
2021-08-05,2825.62
2021-08-06,2883.90
2021-08-07,3074.71
2021-08-08,3038.11
2021-08-09,3095.82
2021-08-10,3171.89
2021-08-11,3235.54
2021-08-12,3042.57
2021-08-13,3281.21
2021-08-14,3268.37
2021-08-15,3262.43
2021-08-16,3174.22
2021-08-17,3024.19
2021-08-18,3011.34
2021-08-19,3164.22
2021-08-20,3292.56
2021-08-21,3253.72
2021-08-22,3168.20
2021-08-23,3340.72
2021-08-24,3197.69
2021-08-25,3221.39
2021-08-26,3136.16
2021-08-27,3276.57
2021-08-28,3249.44
2021-08-29,3243.44
2021-08-30,3332.63
2021-08-31,3407.69
2021-09-01,3766.30
2021-09-02,3830.16
2021-09-03,3934.65
2021-09-04,3891.81
2021-09-05,3955.11
2021-09-06,3957.72
2021-09-07,3366.81
2021-09-08,3463.72
2021-09-09,3456.79
2021-09-10,3188.15
2021-09-11,3299.29
2021-09-12,3337.26
2021-09-13,3280.62
2021-09-14,3351.86
2021-09-15,3564.09
2021-09-16,3558.76
2021-09-17,3401.66
2021-09-18,3391.86
2021-09-19,3343.82
2021-09-20,3017.66
2021-09-21,2825.30
2021-09-22,3037.08
2021-09-23,3145.59
2021-09-24,2960.41
2021-09-25,2915.95
2021-09-26,3087.85
2021-09-27,2996.86
2021-09-28,2882.70
2021-09-29,2822.80
2021-09-30,3006.41
2021-10-01,3325.35
2021-10-02,3449.20
2021-10-03,3394.98
2021-10-04,3397.08
2021-10-05,3540.82
2021-10-06,3584.88
2021-10-07,3636.40
2021-10-08,3574.41
2021-10-09,3590.57
2021-10-10,3461.85
2021-10-11,3515.89
2021-10-12,3485.68
2021-10-13,3573.66
2021-10-14,3776.87
2021-10-15,3841.68
2021-10-16,3816.06
2021-10-17,3764.97
2021-10-18,3744.01
2021-10-19,3812.80
2021-10-20,4118.53
2021-10-21,4088.57
2021-10-22,3949.75
2021-10-23,4090.31
2021-10-24,4079.05
2021-10-25,4191.91
2021-10-26,4203.26
2021-10-27,3996.54
2021-10-28,4252.96
2021-10-29,4419.64
2021-10-30,4290.52
2021-10-31,4296.92
2021-11-01,4311.18
2021-11-02,4548.74
2021-11-03,4592.55
2021-11-04,4518.87
2021-11-05,4485.12
2021-11-06,4506.21
2021-11-07,4595.86
2021-11-08,4780.08
2021-11-09,4754.59
2021-11-10,4642.88
2021-11-11,4752.39
2021-11-12,4643.84
2021-11-13,4639.88
2021-11-14,4575.15
2021-11-15,4581.38
2021-11-16,4261.50
2021-11-17,4237.59
2021-11-18,3972.22
2021-11-19,4285.35
2021-11-20,4415.65
2021-11-21,4315.69
2021-11-22,4116.46
2021-11-23,4334.96
2021-11-24,4246.73
2021-11-25,4520.51
2021-11-26,4069.70
2021-11-27,4119.50
2021-11-28,4225.99
2021-11-29,4442.20
2021-11-30,4660.00
2021-12-01,4565.30
2021-12-02,4547.18
2021-12-03,4199.00
2021-12-04,4098.10
2021-12-05,4165.80
2021-12-06,4340.20
2021-12-07,4269.10
2021-12-08,4390.70
2021-12-09,4166.30
2021-12-10,3959.70
2021-12-11,4025.90
2021-12-12,4158.20
2021-12-13,3795.00
2021-12-14,3839.00
2021-12-15,4002.24
2021-12-16,4009.77
2021-12-17,3896.16
2021-12-18,3974.52
2021-12-19,3981.95
2021-12-20,3893.39
2021-12-21,4029.74
2021-12-22,4003.33
2021-12-23,4096.90
2021-12-24,4055.84
2021-12-25,4088.25
2021-12-26,4084.44
2021-12-27,4064.61
2021-12-28,3811.37
2021-12-29,3723.54
2021-12-30,3704.38
2021-12-31,3682.22
2022-01-01,3758.35
2022-01-02,3828.46
2022-01-03,3752.36
2022-01-04,3816.25
2022-01-05,3533.65
2022-01-06,3429.13
2022-01-07,3181.51
2022-01-08,3118.72
2022-01-09,3179.29
2022-01-10,3062.38
2022-01-11,3232.51
2022-01-12,3364.25
2022-01-13,3248.41
2022-01-14,3314.21
2022-01-15,3339.27
2022-01-16,3349.73
2022-01-17,3193.86
2022-01-18,3180.24
2022-01-19,3128.00
2022-01-20,3061.44
2022-01-21,2547.05
2022-01-22,2380.41
2022-01-23,2445.99
2022-01-24,2413.67
2022-01-25,2438.26
2022-01-26,2439.69
2022-01-27,2384.88
2022-01-28,2515.50
2022-01-29,2600.95
2022-01-30,2576.73
2022-01-31,2681.34
2022-02-01,2789.78
2022-02-02,2681.31
2022-02-03,2661.77
2022-02-04,2957.88
2022-02-05,3021.10
2022-02-06,2990.72
2022-02-07,3153.86
2022-02-08,3117.14
2022-02-09,3254.49
2022-02-10,3118.03
2022-02-11,2894.87
2022-02-12,2917.07
2022-02-13,2904.78
2022-02-14,2942.69
2022-02-15,3127.70
2022-02-16,3137.84
2022-02-17,2901.18
2022-02-18,2776.22
2022-02-19,2744.44
2022-02-20,2653.54
2022-02-21,2619.29
2022-02-22,2605.03
2022-02-23,2638.57
2022-02-24,2567.26
2022-02-25,2794.81
2022-02-26,2796.25
2022-02-27,2630.36
2022-02-28,2890.91
2022-03-01,2975.00
2022-03-02,2961.09
2022-03-03,2834.58
2022-03-04,2612.49
2022-03-05,2670.76
2022-03-06,2629.87
2022-03-07,2504.62
2022-03-08,2568.90
2022-03-09,2716.94
2022-03-10,2613.45
2022-03-11,2570.93
2022-03-12,2587.56
2022-03-13,2506.22
2022-03-14,2571.28
2022-03-15,2622.54
2022-03-16,2747.75
2022-03-17,2820.72
2022-03-18,2932.74
2022-03-19,2936.86
2022-03-20,2877.02
2022-03-21,2909.20
2022-03-22,3001.14
2022-03-23,3005.77
2022-03-24,3112.28
2022-03-25,3100.51
2022-03-26,3135.54
2022-03-27,3278.49
2022-03-28,3380.80
2022-03-29,3377.19
2022-03-30,3389.07
2022-03-31,3287.88
2022-04-01,3452.75
2022-04-02,3479.49
2022-04-03,3527.41
2022-04-04,3509.23
2022-04-05,3453.88
2022-04-06,3226.46
2022-04-07,3219.20
2022-04-08,3223.25
2022-04-09,3238.31
2022-04-10,3270.65
2022-04-11,2966.24
2022-04-12,3010.63
2022-04-13,3106.82
2022-04-14,3019.59
2022-04-15,3035.81
2022-04-16,3047.74
2022-04-17,3055.45
2022-04-18,3043.46
2022-04-19,3099.77
2022-04-20,3085.02
2022-04-21,3002.77
2022-04-22,2964.70
2022-04-23,2967.41
2022-04-24,2946.37
2022-04-25,3008.59
2022-04-26,2840.80
2022-04-27,2887.83
2022-04-28,2936.22
2022-04-29,2808.09
2022-04-30,2795.58
2022-05-01,2808.61
2022-05-02,2866.42
2022-05-03,2786.93
2022-05-04,2935.35
2022-05-05,2737.67
2022-05-06,2689.10
2022-05-07,2630.92
2022-05-08,2554.81
2022-05-09,2273.31
2022-05-10,2264.74
2022-05-11,2083.32
2022-05-12,1908.57
2022-05-13,2073.47
2022-05-14,2024.99
2022-05-15,2132.61
2022-05-16,2047.71
2022-05-17,2084.22
2022-05-18,1958.90
2022-05-19,2011.90
2022-05-20,1957.45
2022-05-21,1965.69
2022-05-22,2014.31
2022-05-23,1991.81
2022-05-24,1980.99
2022-05-25,1965.53
2022-05-26,1831.72
2022-05-27,1733.34
2022-05-28,1782.36
2022-05-29,1801.54
2022-05-30,1988.86
2022-05-31,1944.87
2022-06-01,1797.50
2022-06-02,1826.38
2022-06-03,1787.13
2022-06-04,1786.30
2022-06-05,1810.97
2022-06-06,1871.57
2022-06-07,1839.71
2022-06-08,1808.38
2022-06-09,1792.96
2022-06-10,1676.20
2022-06-11,1537.72
2022-06-12,1472.67
2022-06-13,1228.09
2022-06-14,1167.92
2022-06-15,1223.67
2022-06-16,1102.81
2022-06-17,1080.97
2022-06-18,941.84
2022-06-19,1130.28
2022-06-20,1102.07
2022-06-21,1128.61
2022-06-22,1058.13
2022-06-23,1121.14
2022-06-24,1223.96
2022-06-25,1248.07
2022-06-26,1237.94
2022-06-27,1198.36
2022-06-28,1165.78
2022-06-29,1112.64
2022-06-30,1020.57
2022-07-01,1067.05
2022-07-02,1071.78
2022-07-03,1074.91
2022-07-04,1133.92
2022-07-05,1151.48
2022-07-06,1160.64
2022-07-07,1238.90
2022-07-08,1229.25
2022-07-09,1220.81
2022-07-10,1176.75
2022-07-11,1120.76
2022-07-12,1039.62
2022-07-13,1089.36
2022-07-14,1181.49
2022-07-15,1256.22
2022-07-16,1344.82
2022-07-17,1365.46
2022-07-18,1486.75
2022-07-19,1575.93
2022-07-20,1545.45
2022-07-21,1589.72
2022-07-22,1538.94
2022-07-23,1516.59
2022-07-24,1622.57
2022-07-25,1514.24
2022-07-26,1380.52
2022-07-27,1607.36
2022-07-28,1745.06
2022-07-29,1716.92
2022-07-30,1692.71
2022-07-31,1703.89
2022-08-01,1624.73
2022-08-02,1657.26
2022-08-03,1635.72
2022-08-04,1586.76
2022-08-05,1698.77
2022-08-06,1717.69
2022-08-07,1717.74
2022-08-08,1769.82
2022-08-09,1707.04
2022-08-10,1861.23
2022-08-11,1899.76
2022-08-12,1923.59
2022-08-13,1987.79
2022-08-14,1948.94
2022-08-15,1903.66
2022-08-16,1879.93
2022-08-17,1840.18
2022-08-18,1869.14
2022-08-19,1645.17
2022-08-20,1569.11
2022-08-21,1621.68
2022-08-22,1571.64
2022-08-23,1648.87
2022-08-24,1670.73
2022-08-25,1701.47
2022-08-26,1556.14
2022-08-27,1462.69
2022-08-28,1477.15
2022-08-29,1542.29
2022-08-30,1537.05
2022-08-31,1579.52
2022-09-01,1581.41
2022-09-02,1579.97
2022-09-03,1552.27
2022-09-04,1570.60
2022-09-05,1597.19
2022-09-06,1584.59
2022-09-07,1645.97
2022-09-08,1639.50
2022-09-09,1714.72
2022-09-10,1751.02
2022-09-11,1732.97
2022-09-12,1716.80
2022-09-13,1596.09
2022-09-14,1620.78
2022-09-15,1490.29
2022-09-16,1439.64
2022-09-17,1452.57
2022-09-18,1333.51
2022-09-19,1377.97
2022-09-20,1322.25
2022-09-21,1252.98
2022-09-22,1307.39
2022-09-23,1325.83
2022-09-24,1323.37
2022-09-25,1285.51
2022-09-26,1317.18
2022-09-27,1321.89
2022-09-28,1345.43
2022-09-29,1332.81
2022-09-30,1323.18
2022-10-01,1313.22
2022-10-02,1300.63
2022-10-03,1318.16
2022-10-04,1358.15
2022-10-05,1348.53
2022-10-06,1351.71
2022-10-07,1333.67
2022-10-08,1307.68
2022-10-09,1321.71
2022-10-10,1306.60
2022-10-11,1276.40
2022-10-12,1299.91
2022-10-13,1294.97
2022-10-14,1292.03
2022-10-15,1275.50
2022-10-16,1293.30
2022-10-17,1330.66
2022-10-18,1310.63
2022-10-19,1294.49
2022-10-20,1284.55
2022-10-21,1299.17
2022-10-22,1317.26
2022-10-23,1336.80
2022-10-24,1348.88
2022-10-25,1482.15
2022-10-26,1551.15
2022-10-27,1524.30
2022-10-28,1556.33
2022-10-29,1625.98
2022-10-30,1587.34
2022-10-31,1565.64
2022-11-01,1578.55
2022-11-02,1511.41
2022-11-03,1531.00
2022-11-04,1649.79
2022-11-05,1632.39
2022-11-06,1602.15
2022-11-07,1559.41
2022-11-08,1323.43
2022-11-09,1133.39
2022-11-10,1328.58
2022-11-11,1282.25
2022-11-12,1258.34
2022-11-13,1226.59
2022-11-14,1218.25
2022-11-15,1244.61
2022-11-16,1215.25
2022-11-17,1205.76
2022-11-18,1208.64
2022-11-19,1222.91
2022-11-20,1141.13
2022-11-21,1106.60
2022-11-22,1136.20
2022-11-23,1173.10
2022-11-24,1202.44
2022-11-25,1198.60
2022-11-26,1200.69
2022-11-27,1215.50
2022-11-28,1170.26
2022-11-29,1222.81
2022-11-30,1299.41
2022-12-01,1277.58
2022-12-02,1290.67
2022-12-03,1242.14
2022-12-04,1275.72
2022-12-05,1259.07
2022-12-06,1252.84
2022-12-07,1230.39
2022-12-08,1284.40
2022-12-09,1263.96
2022-12-10,1269.10
2022-12-11,1262.57
2022-12-12,1272.60
2022-12-13,1319.50
2022-12-14,1311.88
2022-12-15,1263.54
2022-12-16,1178.84
2022-12-17,1185.99
2022-12-18,1187.71
2022-12-19,1162.68
2022-12-20,1215.55
2022-12-21,1209.93
2022-12-22,1215.82
2022-12-23,1218.31
2022-12-24,1218.48
2022-12-25,1217.00
2022-12-26,1218.34
2022-12-27,1210.72
2022-12-28,1185.08
2022-12-29,1197.27
2022-12-30,1197.61
2022-12-31,1195.59
2023-01-01,1200.47
2023-01-02,1214.70
2023-01-03,1212.23
2023-01-04,1252.93
2023-01-05,1250.31
2023-01-06,1269.29
2023-01-07,1262.81
2023-01-08,1269.33
2023-01-09,1320.93
2023-01-10,1336.04
2023-01-11,1349.21
2023-01-12,1422.82
2023-01-13,1453.69
2023-01-14,1551.14
2023-01-15,1558.00
2023-01-16,1580.03
2023-01-17,1574.32
2023-01-18,1531.49
2023-01-19,1551.46
2023-01-20,1652.23
2023-01-21,1644.17
2023-01-22,1629.13
2023-01-23,1627.72
2023-01-24,1562.27
2023-01-25,1586.15
2023-01-26,1601.91
2023-01-27,1593.56
2023-01-28,1564.99
2023-01-29,1643.09
2023-01-30,1564.08
2023-01-31,1590.46
2023-02-01,1637.99
2023-02-02,1655.96
2023-02-03,1667.54
2023-02-04,1680.13
2023-02-05,1634.69
2023-02-06,1632.93
2023-02-07,1665.43
2023-02-08,1651.14
2023-02-09,1538.05
2023-02-10,1508.75
2023-02-11,1536.42
2023-02-12,1513.27
2023-02-13,1492.33
2023-02-14,1555.18
2023-02-15,1666.09
2023-02-16,1647.59
2023-02-17,1699.04
2023-02-18,1690.26
2023-02-19,1685.91
2023-02-20,1692.91
2023-02-21,1653.20
2023-02-22,1634.21
2023-02-23,1647.32
2023-02-24,1604.87
2023-02-25,1592.23
2023-02-26,1633.65
2023-02-27,1631.17
2023-02-28,1612.76
2023-03-01,1656.74
2023-03-02,1649.00
2023-03-03,1567.06
2023-03-04,1561.60
2023-03-05,1565.76
2023-03-06,1569.29
2023-03-07,1553.21
2023-03-08,1545.22
2023-03-09,1432.40
2023-03-10,1429.20
2023-03-11,1470.46
2023-03-12,1579.93
2023-03-13,1686.99
2023-03-14,1708.77
2023-03-15,1655.21
2023-03-16,1676.81
2023-03-17,1787.52
2023-03-18,1774.19
2023-03-19,1810.46
2023-03-20,1753.90
2023-03-21,1799.47
2023-03-22,1731.59
2023-03-23,1812.51
2023-03-24,1745.19
2023-03-25,1739.52
2023-03-26,1763.61
2023-03-27,1713.82
2023-03-28,1769.74
2023-03-29,1794.96
2023-03-30,1793.29
2023-03-31,1824.64
2023-04-01,1821.36
2023-04-02,1788.06
2023-04-03,1795.79
2023-04-04,1872.15
2023-04-05,1912.01
2023-04-06,1866.01
2023-04-07,1858.16
2023-04-08,1855.45
2023-04-09,1868.45
2023-04-10,1891.29
2023-04-11,1895.15
2023-04-12,1918.19
2023-04-13,2008.45
2023-04-14,2105.86
2023-04-15,2090.20
2023-04-16,2129.11
2023-04-17,2077.14
2023-04-18,2093.41
2023-04-19,1975.90
2023-04-20,1942.88
2023-04-21,1840.65
2023-04-22,1871.84
2023-04-23,1854.75
2023-04-24,1833.05
2023-04-25,1870.93
2023-04-26,1878.51
2023-04-27,1916.05
2023-04-28,1895.67
2023-04-29,1905.14
2023-04-30,1895.29
2023-05-01,1824.84
2023-05-02,1872.73
2023-05-03,1890.08
2023-05-04,1877.37
2023-05-05,1987.11
2023-05-06,1899.00
2023-05-07,1909.67
2023-05-08,1841.73
2023-05-09,1844.80
2023-05-10,1839.57
2023-05-11,1794.84
2023-05-12,1806.64
2023-05-13,1800.89
2023-05-14,1800.77
2023-05-15,1826.38
2023-05-16,1826.78
2023-05-17,1824.49
2023-05-18,1815.39
2023-05-19,1814.36
2023-05-20,1818.90
2023-05-21,1804.40
2023-05-22,1821.67
2023-05-23,1849.41
2023-05-24,1800.21
2023-05-25,1807.70
2023-05-26,1831.62
2023-05-27,1828.60
2023-05-28,1868.43
2023-05-29,1891.00
2023-05-30,1906.34
2023-05-31,1864.49
2023-06-01,1869.46
2023-06-02,1904.94
2023-06-03,1889.93
2023-06-04,1902.62
2023-06-05,1807.55
2023-06-06,1880.21
2023-06-07,1822.64
2023-06-08,1852.16
2023-06-09,1836.49
2023-06-10,1745.64
2023-06-11,1764.30
2023-06-12,1743.45
2023-06-13,1738.98
2023-06-14,1654.07
2023-06-15,1665.42
2023-06-16,1715.77
2023-06-17,1727.64
2023-06-18,1724.13
2023-06-19,1731.61
2023-06-20,1777.33
2023-06-21,1875.27
2023-06-22,1880.02
2023-06-23,1884.91
2023-06-24,1876.37
2023-06-25,1896.21
2023-06-26,1851.20
2023-06-27,1896.07
2023-06-28,1829.82
2023-06-29,1850.94
2023-06-30,1931.16
2023-07-01,1922.86
2023-07-02,1921.18
2023-07-03,1957.80
2023-07-04,1942.22
2023-07-05,1911.03
2023-07-06,1875.87
2023-07-07,1868.80
2023-07-08,1856.49
2023-07-09,1865.60
2023-07-10,1882.88
2023-07-11,1875.62
2023-07-12,1871.93
2023-07-13,1983.64
2023-07-14,1930.44
2023-07-15,1931.35
2023-07-16,1931.33
2023-07-17,1917.13
2023-07-18,1897.59
2023-07-19,1893.90
2023-07-20,1897.51
2023-07-21,1894.05
2023-07-22,1887.17
2023-07-23,1879.78
2023-07-24,1849.25
2023-07-25,1861.24
2023-07-26,1871.10
2023-07-27,1858.59
2023-07-28,1876.33
2023-07-29,1881.66
2023-07-30,1861.43
2023-07-31,1856.54
2023-08-01,1848.90
2023-08-02,1842.78
2023-08-03,1838.46
2023-08-04,1828.10
2023-08-05,1833.31
2023-08-06,1827.45
2023-08-07,1823.66
2023-08-08,1861.70
2023-08-09,1852.19
2023-08-10,1848.05
2023-08-11,1843.37
2023-08-12,1848.37
2023-08-13,1847.07
2023-08-14,1843.64
2023-08-15,1827.21
2023-08-16,1809.67
2023-08-17,1618.47
2023-08-18,1662.28
2023-08-19,1668.98
2023-08-20,1682.70
2023-08-21,1673.39
2023-08-22,1603.45
2023-08-23,1664.94
2023-08-24,1653.35
2023-08-25,1650.48
2023-08-26,1648.25
2023-08-27,1652.58
2023-08-28,1645.82
2023-08-29,1732.52
2023-08-30,1703.57
2023-08-31,1647.48
2023-09-01,1628.14
2023-09-02,1635.95
2023-09-03,1636.44
2023-09-04,1620.50
2023-09-05,1629.48
2023-09-06,1631.57
2023-09-07,1645.46
2023-09-08,1634.22
2023-09-09,1634.98
2023-09-10,1623.07
2023-09-11,1543.53
2023-09-12,1601.17
2023-09-13,1605.24
2023-09-14,1627.61
2023-09-15,1631.84
2023-09-16,1636.95
2023-09-17,1620.05
2023-09-18,1640.49
2023-09-19,1641.39
2023-09-20,1626.04
2023-09-21,1588.60
2023-09-22,1593.85
2023-09-23,1593.01
2023-09-24,1590.00
2023-09-25,1587.17
2023-09-26,1588.14
2023-09-27,1594.64
2023-09-28,1650.30
2023-09-29,1665.79
2023-09-30,1674.56
2023-10-01,1678.52
2023-10-02,1655.51
2023-10-03,1654.68
2023-10-04,1644.09
2023-10-05,1614.90
2023-10-06,1652.94
2023-10-07,1634.59
2023-10-08,1633.79
2023-10-09,1579.77
2023-10-10,1565.41
2023-10-11,1565.58
2023-10-12,1537.12
2023-10-13,1558.92
2023-10-14,1555.05
2023-10-15,1560.39
2023-10-16,1590.35
2023-10-17,1562.46
2023-10-18,1559.14
2023-10-19,1564.06
2023-10-20,1607.96
2023-10-21,1629.54
2023-10-22,1636.54
2023-10-23,1717.62
2023-10-24,1787.31
2023-10-25,1789.34
2023-10-26,1799.90
2023-10-27,1781.00
2023-10-28,1783.54
2023-10-29,1805.77
2023-10-30,1809.94
2023-10-31,1809.79
2023-11-01,1843.94
2023-11-02,1796.15
2023-11-03,1831.90
2023-11-04,1858.78
2023-11-05,1887.18
2023-11-06,1903.63
2023-11-07,1880.36
2023-11-08,1891.17
2023-11-09,2094.83
2023-11-10,2083.24
2023-11-11,2045.52
2023-11-12,2061.66
2023-11-13,2059.25
2023-11-14,1987.06
2023-11-15,2053.55
2023-11-16,1968.09
2023-11-17,1963.24
2023-11-18,1958.15
2023-11-19,1981.69
2023-11-20,2025.63
2023-11-21,1943.24
2023-11-22,2065.49
2023-11-23,2066.20
2023-11-24,2075.57
2023-11-25,2084.11
2023-11-26,2077.51
2023-11-27,2020.42
2023-11-28,2050.29
2023-11-29,2029.28
2023-11-30,2043.67
2023-12-01,2086.34
2023-12-02,2158.81
2023-12-03,2205.76
2023-12-04,2228.18
2023-12-05,2281.93
2023-12-06,2234.37
2023-12-07,2350.73
2023-12-08,2364.55
2023-12-09,2354.05
2023-12-10,2361.47
2023-12-11,2222.25
2023-12-12,2187.17
2023-12-13,2261.21
2023-12-14,2315.33
2023-12-15,2231.21
2023-12-16,2227.15
2023-12-17,2216.58
2023-12-18,2212.07
2023-12-19,2176.71
2023-12-20,2192.19
2023-12-21,2245.18
2023-12-22,2314.83
2023-12-23,2297.56
2023-12-24,2260.51
2023-12-25,2285.45
2023-12-26,2227.74
2023-12-27,2366.19
2023-12-28,2358.21
2023-12-29,2282.08
2023-12-30,2287.76
2023-12-31,2274.24
2024-01-01,2334.66
2024-01-02,2359.90
2024-01-03,2206.31
2024-01-04,2272.71
2024-01-05,2249.54
2024-01-06,2238.79
2024-01-07,2217.44
2024-01-08,2339.70
2024-01-09,2342.17
2024-01-10,2548.23
2024-01-11,2615.59
2024-01-12,2496.85
2024-01-13,2577.56
2024-01-14,2507.64
2024-01-15,2511.08
2024-01-16,2593.15
2024-01-17,2526.08
2024-01-18,2468.03
2024-01-19,2488.45
2024-01-20,2469.81
2024-01-21,2460.64
2024-01-22,2318.13
2024-01-23,2224.10
2024-01-24,2220.23
2024-01-25,2220.20
2024-01-26,2267.53
2024-01-27,2266.44
2024-01-28,2248.92
2024-01-29,2311.42
2024-01-30,2364.94
2024-01-31,2284.48
2024-02-01,2296.38
2024-02-02,2307.67
2024-02-03,2297.62
2024-02-04,2287.18
2024-02-05,2291.62
2024-02-06,2380.85
2024-02-07,2425.07
2024-02-08,2424.79
2024-02-09,2496.68
2024-02-10,2496.70
2024-02-11,2501.22
2024-02-12,2656.23
2024-02-13,2637.07
2024-02-14,2774.66
2024-02-15,2815.87
2024-02-16,2791.19
2024-02-17,2786.14
2024-02-18,2880.32
2024-02-19,2962.23
2024-02-20,2995.62
2024-02-21,2934.20
2024-02-22,2986.94
2024-02-23,2922.51
2024-02-24,2988.57
2024-02-25,3102.28
2024-02-26,3187.06
2024-02-27,3248.95
2024-02-28,3342.68
2024-02-29,3323.31
2024-03-01,3435.85
2024-03-02,3407.34
2024-03-03,3475.02
2024-03-04,3611.97
2024-03-05,3510.98
2024-03-06,3815.14
2024-03-07,3862.53
2024-03-08,3887.65
2024-03-09,3908.68
2024-03-10,3828.78
2024-03-11,4068.46
2024-03-12,3950.07
2024-03-13,3985.05
2024-03-14,3876.24
2024-03-15,3729.93
2024-03-16,3556.71
2024-03-17,3643.80
2024-03-18,3522.10
2024-03-19,3208.24
2024-03-20,3485.58
2024-03-21,3482.39
2024-03-22,3287.91
2024-03-23,3377.90
2024-03-24,3441.34
2024-03-25,3611.63
2024-03-26,3605.06
2024-03-27,3513.88
2024-03-28,3567.44
2024-03-29,3523.58
2024-03-30,3507.77
2024-03-31,3625.74
2024-04-01,3494.12
2024-04-02,3267.51
2024-04-03,3319.36
2024-04-04,3322.40
2024-04-05,3322.68
2024-04-06,3353.28
2024-04-07,3399.26
2024-04-08,3685.79
2024-04-09,3507.63
2024-04-10,3513.12
2024-04-11,3501.25
2024-04-12,3219.98
2024-04-13,2954.04
2024-04-14,3066.72
2024-04-15,3107.54
2024-04-16,3103.11
2024-04-17,2998.66
2024-04-18,3066.69
2024-04-19,3097.98
2024-04-20,3153.06
2024-04-21,3145.96
2024-04-22,3198.29
2024-04-23,3209.15
2024-04-24,3146.90
2024-04-25,3168.84
2024-04-26,3153.37
2024-04-27,3239.79
2024-04-28,3304.25
2024-04-29,3176.00
2024-04-30,2983.96
2024-05-01,2963.54
2024-05-02,2996.64
2024-05-03,3110.96
2024-05-04,3121.82
2024-05-05,3136.65
2024-05-06,3085.17
2024-05-07,3051.12
2024-05-08,2971.08
2024-05-09,3019.91
2024-05-10,2905.65
2024-05-11,2918.12
2024-05-12,2927.95
2024-05-13,2951.06
2024-05-14,2894.96
2024-05-15,3015.23
2024-05-16,2940.85
2024-05-17,3087.36
2024-05-18,3116.33
2024-05-19,3069.98
2024-05-20,3644.66
2024-05-21,3748.54
2024-05-22,3772.93
2024-05-23,3841.74
2024-05-24,3735.89
2024-05-25,3745.20
2024-05-26,3851.46
2024-05-27,3886.66
2024-05-28,3838.37
2024-05-29,3773.67
2024-05-30,3750.05
2024-05-31,3781.00
2024-06-01,3812.11
2024-06-02,3781.08
2024-06-03,3772.82
2024-06-04,3812.97
2024-06-05,3848.25
2024-06-06,3800.19
2024-06-07,3688.93
2024-06-08,3675.87
2024-06-09,3713.83
2024-06-10,3672.60
2024-06-11,3501.12
2024-06-12,3564.83
2024-06-13,3484.54
2024-06-14,3502.00
2024-06-15,3559.10
2024-06-16,3593.46
2024-06-17,3522.26
2024-06-18,3470.45
2024-06-19,3568.37
2024-06-20,3514.29
2024-06-21,3515.52
2024-06-22,3504.52
2024-06-23,3433.45
2024-06-24,3349.53
2024-06-25,3400.39
2024-06-26,3387.23
2024-06-27,3443.60
2024-06-28,3376.28
2024-06-29,3383.24
2024-06-30,3408.16
2024-07-01,3456.93
2024-07-02,3415.69
2024-07-03,3294.72
2024-07-04,3161.20
2024-07-05,2978.44
2024-07-06,3057.18
2024-07-07,2959.39
2024-07-08,3025.92
2024-07-09,3060.82
2024-07-10,3095.76
2024-07-11,3109.66
2024-07-12,3120.27
2024-07-13,3165.94
2024-07-14,3173.50
2024-07-15,3252.65
2024-07-16,3488.54
2024-07-17,3446.77
2024-07-18,3389.44
2024-07-19,3428.55
2024-07-20,3505.22
2024-07-21,3522.80
2024-07-22,3533.12
2024-07-23,3443.07
2024-07-24,3482.98
2024-07-25,3336.38
2024-07-26,3173.76
2024-07-27,3278.19
2024-07-28,3254.61
2024-07-29,3272.85
2024-07-30,3316.94
2024-07-31,3276.98
2024-08-01,3233.08
2024-08-02,3204.25
2024-08-03,2983.30
2024-08-04,2906.72
2024-08-05,2682.44
2024-08-06,2415.63
2024-08-07,2455.51
2024-08-08,2341.59
2024-08-09,2685.01
2024-08-10,2602.18
2024-08-11,2608.04
2024-08-12,2558.79
2024-08-13,2726.78
2024-08-14,2703.55
2024-08-15,2662.78
2024-08-16,2569.86
2024-08-17,2592.25
2024-08-18,2613.14
2024-08-19,2614.60
2024-08-20,2640.59
2024-08-21,2575.64
2024-08-22,2630.30
2024-08-23,2623.29
2024-08-24,2763.26
2024-08-25,2767.84
2024-08-26,2745.16
2024-08-27,2683.08
2024-08-28,2457.28
2024-08-29,2527.03
2024-08-30,2526.74
2024-08-31,2527.69
2024-09-01,2513.36
2024-09-02,2430.02
2024-09-03,2534.90
2024-09-04,2437.15
2024-09-05,2448.31
2024-09-06,2367.77
2024-09-07,2223.78
2024-09-08,2272.70
2024-09-09,2296.40
2024-09-10,2359.57
2024-09-11,2389.47
2024-09-12,2342.96
2024-09-13,2362.30
2024-09-14,2445.09
2024-09-15,2418.08
2024-09-16,2322.64
2024-09-17,2295.13
2024-09-18,2341.09
2024-09-19,2361.96
2024-09-20,2465.23
2024-09-21,2557.62
2024-09-22,2614.60
2024-09-23,2582.85
2024-09-24,2647.99
2024-09-25,2653.84
2024-09-26,2578.57
2024-09-27,2630.95
2024-09-28,2698.19
2024-09-29,2680.22
2024-09-30,2659.61
2024-10-01,2597.34
2024-10-02,2451.63
2024-10-03,2365.23
2024-10-04,2348.00
2024-10-05,2416.92
2024-10-06,2415.40
2024-10-07,2438.03
2024-10-08,2422.75
2024-10-09,2441.47
2024-10-10,2367.62
2024-10-11,2381.78
2024-10-12,2435.71
2024-10-13,2477.61
2024-10-14,2466.86
2024-10-15,2628.50
2024-10-16,2602.08
2024-10-17,2611.70
2024-10-18,2603.12
2024-10-19,2643.16
2024-10-20,2649.98
2024-10-21,2742.96
2024-10-22,2665.73
2024-10-23,2619.57
2024-10-24,2524.10
2024-10-25,2536.23
2024-10-26,2422.09
2024-10-27,2479.37
2024-10-28,2505.50
2024-10-29,2564.81
2024-10-30,2638.64
2024-10-31,2657.61
2024-11-01,2514.75
2024-11-02,2513.84
2024-11-03,2491.35
2024-11-04,2456.98
2024-11-05,2395.95
2024-11-06,2422.37
2024-11-07,2720.62
2024-11-08,2894.97
2024-11-09,2960.96
2024-11-10,3130.04
2024-11-11,3191.90
2024-11-12,3372.79
2024-11-13,3260.93
2024-11-14,3191.90
2024-11-15,3059.81
2024-11-16,3093.91
2024-11-17,3133.88
2024-11-18,3075.53
2024-11-19,3209.42
2024-11-20,3112.91
2024-11-21,3075.19
2024-11-22,3365.94
2024-11-23,3327.76
2024-11-24,3394.04
2024-11-25,3368.70
2024-11-26,3417.29
2024-11-27,3325.64
2024-11-28,3666.19
2024-11-29,3579.24
2024-11-30,3598.19
2024-12-01,3709.91
2024-12-02,3708.81
2024-12-03,3643.86
2024-12-04,3625.71
2024-12-05,3839.44
2024-12-06,3796.87
2024-12-07,4013.73
2024-12-08,4000.99
2024-12-09,4015.78
2024-12-10,3713.31
2024-12-11,3626.59
2024-12-12,3828.11
2024-12-13,3878.85
2024-12-14,3907.43
2024-12-15,3867.00
2024-12-16,3961.32
2024-12-17,3992.86
2024-12-18,3879.41
2024-12-19,3628.26
2024-12-20,3434.68
2024-12-21,3468.66
2024-12-22,3337.60
2024-12-23,3275.89
2024-12-24,3414.64
2024-12-25,3497.56
2024-12-26,3494.51
2024-12-27,3327.79
2024-12-28,3328.61
2024-12-29,3397.83
2024-12-30,3357.33
2024-12-31,3359.51
2025-01-01,3336.62
2025-01-02,3348.97
2025-01-03,3448.14
2025-01-04,3604.29
2025-01-05,3660.38
2025-01-06,3635.85
2025-01-07,3687.14
2025-01-08,3380.02
2025-01-09,3325.13
2025-01-10,3219.09
2025-01-11,3269.18
2025-01-12,3283.59
2025-01-13,3264.07
2025-01-14,3134.55
2025-01-15,3224.80
2025-01-16,3447.03
2025-01-17,3309.45
2025-01-18,3477.28
2025-01-19,3309.10
2025-01-20,3208.14
2025-01-21,3263.07
2025-01-22,3326.03
2025-01-23,3237.30
2025-01-24,3332.58
2025-01-25,3311.85
2025-01-26,3320.13
2025-01-27,3232.28
2025-01-28,3173.53
2025-01-29,3076.49
2025-01-30,3114.44
2025-01-31,3248.25
2025-02-01,3296.39
2025-02-02,3125.04
2025-02-03,2862.70
2025-02-04,2877.81
2025-02-05,2740.38
2025-02-06,2790.55
2025-02-07,2686.66
2025-02-08,2623.45
2025-02-09,2635.60
2025-02-10,2632.54
2025-02-11,2660.30
2025-02-12,2603.03
2025-02-13,2736.27
2025-02-14,2675.71
2025-02-15,2724.67
2025-02-16,2692.82
2025-02-17,2659.90
2025-02-18,2741.91
2025-02-19,2669.49
2025-02-20,2714.80
2025-02-21,2741.59
2025-02-22,2658.35
2025-02-23,2764.36
2025-02-24,2827.18
2025-02-25,2503.10
2025-02-26,2495.32
2025-02-27,2325.85
2025-02-28,2305.32
2025-03-01,2235.20
2025-03-02,2212.82
2025-03-03,2517.34
2025-03-04,2148.20
2025-03-05,2171.50
2025-03-06,2241.38
2025-03-07,2202.32
2025-03-08,2140.75
2025-03-09,2200.00
2025-03-10,2017.27
2025-03-11,1879.12
2025-03-12,1921.31
2025-03-13,1910.66
2025-03-14,1862.79
2025-03-15,1910.67
2025-03-16,1939.79
2025-03-17,1887.76
2025-03-18,1929.18
2025-03-19,1932.80
2025-03-20,2060.73
2025-03-21,1980.83
2025-03-22,1964.53
2025-03-23,1979.54
2025-03-24,2001.05
2025-03-25,2077.74
2025-03-26,2068.60
2025-03-27,2009.88
2025-03-28,2003.30
2025-03-29,1896.92
2025-03-30,1829.27
2025-03-31,1805.34
2025-04-01,1824.21
2025-04-02,1907.17
2025-04-03,1795.76
2025-04-04,1818.28
2025-04-05,1814.48
2025-04-06,1809.94
2025-04-07,1574.63
2025-04-08,1555.91
2025-04-09,1471.36
2025-04-10,1662.53
2025-04-11,1523.93
2025-04-12,1568.13
2025-04-13,1645.86
2025-04-14,1595.42
2025-04-15,1621.54
2025-04-16,1587.82
2025-04-17,1577.71
2025-04-18,1583.48
2025-04-19,1589.15
2025-04-20,1615.05
2025-04-21,1585.46
2025-04-22,1577.45
2025-04-23,1759.71
2025-04-24,1793.97
2025-04-25,1769.39
2025-04-26,1788.80
2025-04-27,1821.27
2025-04-28,1793.69
2025-04-29,1799.50
2025-04-30,1796.97
2025-05-01,1794.05
2025-05-02,1838.85
2025-05-03,1841.43
2025-05-04,1834.50
2025-05-05,1808.16
2025-05-06,1820.00
2025-05-07,1816.17
2025-05-08,1810.32
2025-05-09,2197.56
2025-05-10,2341.41
2025-05-11,2583.68
2025-05-12,2507.47
2025-05-13,2492.43
2025-05-14,2676.64
2025-05-15,2603.72
2025-05-16,2542.30
2025-05-17,2544.39
2025-05-18,2475.05
2025-05-19,2465.34
2025-05-20,2526.99
2025-05-21,2524.27
2025-05-22,2558.95
2025-05-23,2657.17
2025-05-24,2519.81
2025-05-25,2529.44
2025-05-26,2546.62
2025-05-27,2562.17
2025-05-28,2662.09
2025-05-29,2676.27
2025-05-30,2633.14
2025-05-31,2524.48
2025-06-01,2532.36
2025-06-02,2538.33
2025-06-03,2609.74
2025-06-04,2595.47
2025-06-05,2610.34
2025-06-06,2421.60
2025-06-07,2481.40
2025-06-08,2526.29
2025-06-09,2508.78
2025-06-10,2685.00
2025-06-11,2808.50
2025-06-12,2776.14
2025-06-13,2653.16
2025-06-14,2577.05
2025-06-15,2534.07
2025-06-16,2547.85
2025-06-17,2561.33
2025-06-18,2514.99
2025-06-19,2521.33
2025-06-20,2522.18
2025-06-21,2405.70
2025-06-22,2270.58
2025-06-23,2227.43
2025-06-24,2423.90
2025-06-25,2446.54
2025-06-26,2417.23
2025-06-27,2415.03
2025-06-28,2423.03
2025-06-29,2437.13
2025-06-30,2502.67
2025-07-01,2488.19
2025-07-02,2405.10
2025-07-03,2574.07
2025-07-04,2590.13
2025-07-05,2509.24
2025-07-06,2517.38
2025-07-07,2571.36
2025-07-08,2543.63
2025-07-09,2615.78
2025-07-10,2772.58
2025-07-11,2948.45
2025-07-12,2958.85
2025-07-13,2955.88